date,city,rain,rain_3d,rain_7d,rain_30d,temperature,wind,month_sin,month_cos,latitude,longitude,next_day_rain,dry_next_week
2025-12-13,kolkata,0.0,0.0,0.0,0.0,21.5,6.8,-2.4492935982947064e-16,1.0,22.5726,88.3639,0.0,True
2025-12-14,kolkata,0.0,0.0,0.0,0.0,22.4,8.6,-2.4492935982947064e-16,1.0,22.5726,88.3639,0.0,True
2025-12-15,kolkata,0.0,0.0,0.0,0.0,21.7,9.3,-2.4492935982947064e-16,1.0,22.5726,88.3639,0.0,True
2025-12-16,kolkata,0.0,0.0,0.0,0.0,21.2,7.9,-2.4492935982947064e-16,1.0,22.5726,88.3639,0.0,True
2025-12-17,kolkata,0.0,0.0,0.0,0.0,21.1,9.7,-2.4492935982947064e-16,1.0,22.5726,88.3639,0.0,True
2025-12-18,kolkata,0.0,0.0,0.0,0.0,21.9,7.1,-2.4492935982947064e-16,1.0,22.5726,88.3639,0.0,True
2025-12-19,kolkata,0.0,0.0,0.0,0.0,22.0,9.1,-2.4492935982947064e-16,1.0,22.5726,88.3639,0.0,True
2025-12-20,kolkata,0.0,0.0,0.0,0.0,20.0,8.9,-2.4492935982947064e-16,1.0,22.5726,88.3639,0.0,True
2025-12-21,kolkata,0.0,0.0,0.0,0.0,20.4,8.1,-2.4492935982947064e-16,1.0,22.5726,88.3639,0.0,True
2025-12-22,kolkata,0.0,0.0,0.0,0.0,20.2,8.2,-2.4492935982947064e-16,1.0,22.5726,88.3639,0.0,True
2025-12-23,kolkata,0.0,0.0,0.0,0.0,20.0,9.0,-2.4492935982947064e-16,1.0,22.5726,88.3639,0.0,True
2025-12-24,kolkata,0.0,0.0,0.0,0.0,19.2,9.6,-2.4492935982947064e-16,1.0,22.5726,88.3639,0.0,True
